publication_view.idpublication;publication_view.publication_year;
2;2004;
3;2004;
4;2006;
5;1931;
6;2008;
8;2003;
9;1996;
10;1993;
11;2006;
12;1990;
13;1998;
14;1993;
15;1994;
16;1995;
17;1994;
18;2009;
19;2008;
20;2004;
21;1986;
22;2006;
23;2003;
24;1969;
26;1967;
27;1980;
28;1923;
29;1986;
30;1973;
31;1974;
32;2004;
33;1978;
34;1987;
35;1974;
36;1997;
37;2004;
38;2004;
40;2000;
42;1958;
43;2001;
44;1970;
45;1985;
46;2003;
47;2004;
48;1959;
49;1963;
50;1971;
51;1975;
52;1980;
53;1994;
54;1993;
55;1983;
56;2003;
57;1975;
58;1925;
59;1948;
60;1980;
61;2009;
62;1979;
63;1993;
64;1988;
65;1972;
66;1995;
67;1993;
68;2002;
69;2001;
70;2009;
71;2002;
72;2006;
73;1987;
74;1929;
75;1988;
77;1973;
78;1997;
79;2002;
80;2000;
81;1989;
82;2009;
83;2004;
84;2003;
85;2006;
86;2008;
87;2009;
88;1929;
89;1953;
90;1994;
91;1989;
92;2000;
93;2002;
94;2000;
95;1993;
96;2001;
97;2003;
98;1996;
99;1990;
100;1991;
101;1994;
102;2003;
103;1980;
104;2004;
105;1976;
106;2002;
107;2006;
108;1992;
109;2004;
110;1977;
111;1985;
112;1974;
113;2003;
114;2006;
115;2009;
116;1978;
117;2003;
118;2008;
119;2001;
120;1999;
121;1996;
122;1978;
123;1978;
124;1948;
125;1995;
126;1986;
127;1989;
128;1987;
130;1969;
131;1970;
132;1973;
133;2000;
135;2006;
136;1970;
137;1973;
138;1974;
139;2000;
140;2001;
141;2009;
142;2004;
143;1996;
144;1991;
145;1999;
146;1994;
147;1996;
148;2001;
149;1986;
150;2000;
152;2007;
153;2002;
154;2004;
155;1987;
156;2001;
157;1970;
158;1969;
159;2004;
160;2008;
161;1949;
162;1955;
163;1956;
164;2007;
165;2000;
166;2004;
167;1951;
168;1957;
169;1965;
170;1969;
171;1958;
172;1999;
173;1992;
175;1984;
176;1987;
177;1999;
178;1999;
179;1971;
180;1994;
181;1995;
182;1996;
183;1992;
184;1991;
185;1976;
186;1967;
187;1978;
188;1938;
189;1940;
190;1976;
191;1971;
192;1964;
194;1999;
195;1997;
196;1976;
197;2007;
198;2004;
199;1997;
201;1978;
202;1955;
203;1975;
204;1974;
205;2004;
206;1983;
207;1991;
208;2001;
209;1992;
210;2000;
211;1997;
212;2008;
213;1962;
214;1988;
215;1997;
216;2000;
217;2002;
218;2003;
219;2005;
220;1967;
221;2002;
222;1993;
223;1982;
224;1973;
226;2009;
227;2001;
228;1989;
229;1995;
230;1978;
231;2001;
232;1949;
233;1971;
234;2006;
235;2009;
236;1957;
237;1969;
238;1990;
239;1981;
240;1999;
241;1998;
242;1978;
243;1981;
244;1971;
245;1982;
246;1987;
247;1991;
248;1992;
249;1993;
250;1996;
251;2000;
252;2006;
253;1980;
254;1980;
255;1991;
256;2002;
257;1978;
260;1977;
261;1979;
262;2006;
263;1979;
267;1989;
268;1998;
269;2001;
270;1994;
271;2008;
273;2010;
274;1980;
275;1994;
276;1993;
277;1999;
278;2009;
279;1976;
280;1978;
281;1975;
282;2000;
283;1999;
284;1984;
285;2003;
286;1984;
287;1954;
288;2003;
289;1970;
290;1976;
291;1988;
292;2010;
293;2009;
294;2003;
295;2010;
296;1994;
297;1990;
298;1968;
299;2008;
300;1951;
301;1929;
302;1935;
304;2010;
305;1992;
306;1971;
307;1978;
308;1986;
309;1968;
310;2010;
311;1940;
312;1949;
313;2001;
314;1982;
315;1990;
316;1981;
317;1987;
318;2001;
319;2007;
320;1988;
321;1994;
323;1999;
324;2010;
325;1971;
326;1972;
327;2010;
328;2006;
329;2010;
330;2008;
331;2006;
332;1948;
333;1961;
334;1962;
335;1966;
337;2000;
338;1996;
339;2006;
340;1981;
341;1982;
342;2010;
343;2007;
344;2008;
345;2009;
346;2010;
347;2010;
348;1959;
349;1999;
350;1981;
351;2010;
352;1994;
353;2000;
354;2007;
356;2010;
357;1971;
358;2010;
359;2009;
360;1968;
361;1986;
362;2008;
363;1987;
364;2007;
365;1993;
366;2010;
367;1991;
368;1979;
369;2000;
370;1985;
371;1985;
372;1967;
373;2010;
374;1972;
375;2008;
376;1985;
377;2002;
378;1990;
379;1982;
380;1971;
381;2005;
382;1988;
384;2010;
385;2008;
386;2003;
387;1974;
388;1993;
389;2000;
390;2005;
391;2009;
392;1978;
393;1969;
394;2001;
395;1978;
396;1976;
397;2010;
398;1996;
399;2006;
400;2006;
401;2006;
402;1992;
403;2009;
404;1954;
405;1964;
408;1983;
409;2002;
410;1970;
411;1985;
412;2002;
413;1985;
414;2009;
415;2000;
416;1976;
417;1990;
418;1978;
419;1976;
420;1993;
421;2004;
422;1978;
423;2001;
424;2002;
425;1972;
426;1977;
428;2005;
429;1993;
430;1982;
431;1980;
432;2008;
433;1985;
434;2006;
435;1985;
436;1989;
437;1994;
438;2003;
439;2005;
441;2005;
442;1999;
443;2007;
444;2003;
447;1997;
449;2000;
450;2000;
451;2004;
452;2004;
453;1999;
454;1980;
455;1991;
456;1972;
458;1954;
459;2004;
460;2002;
461;2004;
462;2004;
463;2004;
464;2004;
465;1982;
466;2006;
467;1972;
468;2010;
469;2010;
472;1998;
473;2008;
474;1969;
475;1969;
476;2007;
477;2004;
478;2005;
479;2008;
480;1980;
481;1993;
482;2005;
483;2008;
484;2004;
485;2005;
486;1982;
487;1984;
488;1995;
489;2003;
490;1987;
491;1993;
492;2003;
493;1986;
494;1981;
497;1999;
498;1991;
499;1959;
500;1974;
501;1979;
502;1994;
503;1963;
504;1962;
505;1990;
506;2004;
507;1988;
508;1997;
509;1995;
510;1990;
511;1972;
512;1976;
513;1977;
514;1978;
515;1999;
516;1987;
517;2000;
518;2004;
519;2005;
520;1981;
521;2004;
522;1992;
523;1987;
524;1979;
525;1988;
526;1995;
527;1993;
528;1979;
529;2004;
530;2000;
531;1994;
532;2004;
533;2005;
534;2007;
535;2000;
536;1997;
537;2003;
538;2005;
539;1942;
540;2008;
541;1994;
542;1984;
544;2002;
545;2002;
546;2009;
547;1983;
548;1991;
549;1992;
550;1980;
551;1992;
552;2001;
553;1995;
554;1978;
555;1986;
556;1984;
557;2001;
558;1984;
559;2002;
560;1981;
561;2009;
562;2000;
563;1999;
564;2005;
565;2010;
566;1997;
567;1993;
568;1999;
569;1992;
570;1997;
571;2003;
572;2002;
573;2006;
574;1975;
575;1983;
576;1992;
577;2008;
578;2010;
579;2010;
580;2010;
581;2010;
582;2010;
583;2010;
584;2010;
585;2010;
586;2010;
587;2010;
588;2010;
589;2010;
590;2010;
591;1983;
592;1989;
593;1978;
594;2003;
596;1988;
597;2000;
598;2008;
599;2008;
600;2009;
601;2010;
602;2003;
603;2006;
604;2007;
605;2003;
607;2006;
610;2002;
611;1995;
612;1977;
613;1954;
614;1971;
615;1983;
616;1999;
617;1986;
618;1975;
619;1943;
620;1988;
621;1979;
622;2008;
623;1996;
624;1990;
625;2007;
626;1981;
627;1996;
628;1999;
629;2007;
630;1994;
631;1978;
632;1978;
633;1991;
634;2007;
637;1991;
638;1994;
639;1977;
640;1989;
643;2004;
644;1974;
646;1984;
647;1925;
648;2010;
649;1988;
653;2008;
654;2005;
655;1990;
656;2002;
657;1979;
658;2006;
659;1997;
660;1993;
661;1996;
662;2002;
663;2004;
664;1999;
665;1972;
666;2010;
667;1992;
668;1956;
669;1998;
670;2005;
671;2004;
672;2009;
673;2007;
675;2009;
676;1967;
677;1986;
678;2002;
679;2005;
680;2006;
681;2011;
682;1973;
683;1978;
684;1929;
685;2007;
686;2007;
687;2005;
689;1974;
690;1997;
691;1992;
692;2010;
693;1945;
694;1992;
695;1947;
698;2008;
699;2006;
700;1975;
701;1976;
702;1995;
704;1995;
705;2004;
706;2006;
707;1996;
708;2009;
709;2008;
710;2007;
711;2001;
713;2002;
714;1992;
717;1978;
718;2004;
719;1992;
720;1976;
722;1993;
723;1974;
725;2002;
727;2002;
728;1994;
729;1992;
730;2011;
732;1970;
733;1969;
734;2001;
735;1984;
736;1933;
737;1911;
738;2001;
740;1987;
741;2005;
742;2007;
743;2000;
747;1996;
751;1993;
752;1993;
762;1995;
775;1996;
783;1978;
789;1967;
806;1977;
807;1985;
821;1976;
822;2003;
823;2011;
824;2008;
825;1994;
826;1997;
827;1942;
829;1930;
830;2003;
831;2008;
832;2009;
833;2002;
834;1965;
835;1967;
836;2006;
837;2008;
838;2003;
839;2004;
840;1978;
841;1982;
842;2010;
843;1974;
844;1995;
845;1983;
846;2007;
847;2007;
848;2011;
849;2008;
850;2004;
851;1976;
852;1986;
853;2006;
854;1988;
855;1987;
856;2009;
857;2008;
858;2007;
859;2011;
860;2010;
861;1999;
862;2002;
863;1996;
864;1996;
868;2010;
869;2009;
872;2001;
874;2005;
875;2004;
877;1973;
879;2011;
880;1967;
881;1955;
882;1975;
883;1977;
884;1976;
885;2005;
886;1998;
887;1996;
888;2002;
889;2000;
890;2002;
891;2010;
892;2000;
893;2002;
894;2002;
895;2002;
896;2002;
897;2000;
898;2005;
899;2010;
900;2006;
901;2006;
902;2006;
903;2005;
904;2006;
905;2010;
906;2011;
907;1989;
908;2011;
909;2001;
910;2006;
911;2002;
912;2001;
914;1986;
915;2004;
917;2007;
920;2011;
921;2000;
922;1990;
923;2011;
924;1999;
925;2006;
926;1996;
927;2005;
928;2006;
929;1990;
930;1990;
931;2012;
932;1998;
933;1981;
934;2008;
935;2011;
936;2006;
937;2011;
938;2008;
939;2004;
940;2005;
941;2012;
942;1993;
943;2008;
945;2002;
946;1980;
947;2000;
948;2006;
949;1973;
950;2008;
951;2009;
952;2011;
953;1999;
954;2010;
955;1987;
956;2002;
957;1968;
958;2002;
959;1987;
960;2010;
961;2010;
962;1956;
963;2008;
964;1993;
966;2009;
967;2007;
968;2007;
969;2010;
970;1959;
971;1988;
972;1974;
973;1976;
974;2012;
975;2011;
976;2003;
977;2008;
978;2002;
979;2001;
980;2008;
981;1976;
982;2010;
983;1988;
984;2002;
985;2003;
986;2009;
987;1972;
988;1882;
989;1997;
991;1993;
992;2004;
993;2008;
994;1953;
995;1967;
996;1986;
997;1997;
998;2001;
999;1961;
1000;1977;
1001;1998;
1005;1936;
1006;2012;
1007;1963;
1008;1986;
1011;2004;
1012;2009;
1013;1986;
1014;2000;
1015;2009;
1016;1956;
1017;1974;
1018;1974;
1019;1977;
1020;1978;
1021;1998;
1023;2010;
1025;2006;
1026;1967;
1027;1951;
1028;1993;
1029;2002;
1030;1967;
1031;2011;
1032;1996;
1033;2006;
1034;2006;
1035;1969;
1036;1960;
1037;2003;
1038;2012;
1039;2008;
1040;1997;
1041;2012;
1042;2012;
1043;2003;
1044;2012;
1045;1995;
1046;2012;
1047;2008;
1048;1980;
1049;2001;
1050;2011;
1051;2002;
1053;2002;
1054;2011;
1055;1983;
1056;1996;
1057;2012;
1058;2017;
1059;2012;
1061;2002;
1062;2009;
1063;2012;
1065;2001;
1066;2012;
1067;2005;
1068;2009;
1069;2008;
1070;2012;
1071;2007;
1072;2012;
1073;1998;
1074;1995;
1075;2008;
1077;1975;
1078;1976;
1079;1978;
1080;2003;
1081;1957;
1082;1982;
1083;2001;
1084;1997;
1085;1977;
1086;1987;
1087;1937;
1088;2005;
1089;1996;
1090;1993;
1091;1993;
1092;1989;
1093;2010;
1094;2012;
1095;2000;
1096;2013;
1097;2009;
1098;2006;
1099;2000;
1100;1981;
1101;1973;
1102;2003;
1103;2004;
1104;1990;
1105;2001;
1108;2010;
1109;2006;
1110;2013;
1111;2009;
1112;2001;
1113;1994;
1114;2012;
1115;2009;
1116;2004;
1117;2005;
1118;1979;
1119;1977;
1120;2009;
1121;2003;
1122;2003;
1123;1991;
1124;1972;
1125;1988;
1126;2005;
1127;1988;
1128;2010;
1129;1954;
1130;2013;
1131;2009;
1132;2012;
1133;1998;
1134;2001;
1135;1994;
1136;1999;
1137;2003;
1138;2010;
1139;2008;
1140;2004;
1141;1991;
1142;2011;
1143;1998;
1144;1995;
1145;2002;
1146;1992;
1147;1994;
1148;2001;
1149;1999;
1150;1970;
1151;1970;
1152;2013;
1153;1973;
1154;2012;
1155;2004;
1156;1966;
1157;1991;
1158;2004;
1159;2013;
1161;2013;
1164;1995;
1165;1940;
1166;1993;
1167;2003;
1168;2009;
1169;1968;
1171;1984;
1172;2003;
1173;2012;
1174;2006;
1175;2001;
1176;2003;
1177;2011;
1178;2005;
1179;1989;
1180;2010;
1181;2010;
1182;1955;
1183;1975;
1184;1991;
1185;1998;
1186;2001;
1187;2009;
1189;1983;
1190;1987;
1191;1990;
1192;1985;
1193;1990;
1194;1990;
1195;1990;
1196;1990;
1197;1996;
1198;1997;
1199;1990;
1200;1984;
1201;2011;
1202;2007;
1203;2011;
1204;2010;
1205;2010;
1206;1982;
1207;2000;
1208;2000;
1209;2010;
1210;2006;
1211;2007;
1212;2013;
1213;2011;
1214;2013;
1215;2013;
1217;1976;
1218;2008;
1219;2012;
1220;1998;
1221;2005;
1223;2009;
1224;2010;
1225;2003;
1226;1976;
1227;1974;
1228;1976;
1229;1979;
1230;1983;
1231;1983;
1232;2003;
1233;2009;
1234;1967;
1235;2005;
1236;1977;
1237;1983;
1238;1983;
1239;2007;
1240;1977;
1241;2008;
1242;2009;
1243;2003;
1244;2004;
1245;1979;
1246;1983;
1247;2009;
1249;1994;
1250;1996;
1252;2001;
1253;1981;
1254;2013;
1255;2002;
1257;2013;
1258;2012;
1260;1985;
1261;2013;
1262;2013;
1263;2013;
1264;2008;
1265;2013;
1266;2013;
1267;2013;
1268;2013;
1269;1999;
1270;1989;
1271;1986;
1272;1974;
1273;2006;
1274;1984;
1275;1996;
1276;2008;
1277;2002;
1278;2002;
1279;2002;
1280;1994;
1281;2002;
1282;1995;
1283;2002;
1284;2006;
1285;1999;
1286;2004;
1287;2002;
1288;2003;
1289;2002;
1290;2001;
1291;2004;
1292;1982;
1293;2011;
1294;2011;
1295;2000;
1296;2001;
1297;1994;
1298;1973;
1299;1970;
1300;1955;
1301;1974;
1302;1974;
1303;1980;
1304;1927;
1305;1988;
1306;1988;
1307;2003;
1308;1998;
1309;1966;
1310;1994;
1312;2002;
1313;1995;
1314;2002;
1315;2007;
1316;1995;
1317;1995;
1318;2011;
1319;1994;
1320;2005;
1321;2006;
1322;2007;
1323;2008;
1324;1987;
1325;1985;
1326;2000;
1327;2011;
1328;2011;
1329;2004;
1330;2008;
1331;2006;
1332;2004;
1333;2009;
1334;2012;
1335;1992;
1336;2007;
1337;2009;
1338;2012;
1339;2012;
1340;2012;
1344;2012;
1349;1939;
1350;1939;
1351;1997;
1352;1992;
1354;2003;
1355;2003;
1357;1978;
1358;1991;
1359;2009;
1361;1989;
1362;2009;
1363;1951;
1364;1972;
1365;1988;
1366;1985;
1367;2005;
1368;1984;
1369;1993;
1370;1985;
1371;1987;
1372;1991;
1373;1983;
1374;1961;
1375;1984;
1376;1975;
1377;1961;
1378;1961;
1379;2011;
1381;1994;
1382;1988;
1383;1986;
1385;1961;
1386;1982;
1387;1982;
1389;1940;
1390;2007;
1391;1959;
1392;1959;
1393;1984;
1394;1973;
1395;1987;
1396;2004;
1397;1991;
1398;1972;
1399;1984;
1400;1978;
1401;1982;
1402;1989;
1403;1984;
1404;1984;
1405;1957;
1406;1987;
1408;1958;
1409;1957;
1410;1989;
1411;1962;
1412;1984;
1413;1977;
1414;1982;
1415;1991;
1416;1981;
1417;2013;
1418;2012;
1420;1997;
1421;2010;
1422;2011;
1423;2013;
1424;2013;
1426;2007;
1427;1983;
1428;1995;
1429;2013;
1430;2006;
1431;2007;
1432;1991;
1433;2005;
1434;2004;
1435;2012;
1436;2004;
1437;2007;
1438;2005;
1439;2005;
1440;2010;
1441;1990;
1442;1996;
1443;2008;
1444;1956;
1445;2010;
1446;2008;
1447;2004;
1448;2010;
1449;1991;
1450;1989;
1451;2010;
1452;2010;
1453;2000;
1454;2007;
1455;1996;
1456;2013;
1457;2014;
1458;2011;
1459;1981;
1460;2009;
1461;2005;
1462;2012;
1463;2013;
1464;1986;
1465;2013;
1467;2001;
1468;2008;
1469;2010;
1470;1971;
1471;2007;
1472;2009;
1473;2014;
1474;2011;
1475;2013;
1476;2013;
1477;2014;
1478;2011;
1479;2006;
1480;2000;
1481;2009;
1482;2010;
1484;1992;
1485;1996;
1486;2006;
1487;1996;
1488;1999;
1489;2005;
1490;2010;
1491;2000;
1492;2000;
1493;2000;
1494;2000;
1495;2000;
1496;1995;
1497;2002;
1498;2005;
1499;1989;
1500;2011;
1501;2003;
1502;2000;
1503;2010;
1504;1995;
1505;1995;
1506;2008;
1507;2014;
1508;2003;
1509;2004;
1510;2009;
1511;2000;
1512;2011;
1513;1995;
1514;1988;
1515;2012;
1516;2007;
1517;1995;
1518;2014;
1519;2003;
1521;2006;
1522;2008;
1523;2008;
1524;1998;
1525;1996;
1526;2002;
1527;1999;
1528;2001;
1529;1993;
1530;2007;
1531;2007;
1532;1996;
1533;1998;
1534;1997;
1535;1999;
1536;2010;
1537;2011;
1538;2013;
1539;2005;
1540;2007;
1541;2007;
1542;2011;
1543;2011;
1544;1995;
1545;1990;
1546;2013;
1547;1998;
1548;2003;
1549;2011;
1550;2011;
1551;2003;
1552;1998;
1553;2011;
1554;2011;
1555;2014;
1556;2011;
1557;1987;
1558;2014;
1559;2003;
1560;2005;
1561;1993;
1562;2006;
1563;1987;
1564;1986;
1565;2011;
1568;2010;
1569;2014;
1570;2007;
1571;2014;
1572;2014;
1573;2006;
1574;1989;
1575;1990;
1576;2014;
1577;2011;
1578;1966;
1579;1981;
1582;1996;
1583;1965;
1584;1975;
1585;2013;
1587;2011;
1588;1996;
1589;2000;
1590;1969;
1591;1955;
1592;1969;
1593;2015;
1594;2008;
1595;2011;
1596;1987;
1597;1971;
1598;2014;
1599;1987;
1600;2001;
1601;1997;
1602;2000;
1603;2010;
1604;2002;
1605;2008;
1606;2006;
1607;2004;
1608;2008;
1609;2006;
1610;2011;
1611;2008;
1612;2011;
1613;2009;
1614;2012;
1615;2002;
1616;1985;
1617;2010;
1618;2013;
1619;2000;
1620;2014;
1622;2003;
1623;1999;
1624;2006;
1625;2012;
1626;2007;
1627;2006;
1628;2004;
1630;2008;
1631;1995;
1632;1997;
1633;2013;
1634;2011;
1635;1978;
1636;1979;
1637;1999;
1638;1974;
1639;1976;
1640;1992;
1641;2003;
1642;1997;
1643;1983;
1645;2004;
1646;2004;
1647;2006;
1648;2008;
1650;2012;
1651;1991;
1652;1996;
1653;2007;
1654;1995;
1655;2004;
1656;1983;
1657;1996;
1658;1984;
1659;2006;
1660;1967;
1661;2007;
1662;2008;
1663;2013;
1664;2013;
1666;2007;
1668;2010;
1669;2014;
1670;2015;
1671;2010;
1672;2001;
1673;2015;
1674;1996;
1675;1972;
1676;1972;
1677;2009;
1678;2001;
1679;2004;
1680;2006;
1681;2014;
1682;2016;
1683;2012;
1684;2010;
1685;2005;
1686;2012;
1687;1990;
1688;2012;
1689;1982;
1690;2004;
1691;2009;
1692;2008;
1693;2006;
1694;2009;
1695;2014;
1696;2013;
1697;2008;
1699;2011;
1700;2011;
1701;1988;
1702;2000;
1703;1996;
1704;2008;
1705;1990;
1706;1958;
1707;2013;
1708;1990;
1709;1993;
1710;1998;
1711;1983;
1712;1988;
1713;2001;
1714;2010;
1715;2001;
1716;2009;
1717;2011;
1718;2003;
1719;2013;
1720;1984;
1721;2010;
1722;2001;
1723;1998;
1725;2012;
1726;2014;
1727;2012;
1728;2005;
1729;2012;
1730;2012;
1731;2008;
1732;1971;
1733;2011;
1734;1995;
1735;1997;
1736;1995;
1737;2015;
1738;1991;
1739;2012;
1740;1991;
1741;1983;
1742;1987;
1743;2009;
1744;1999;
1745;2004;
1746;2010;
1747;2014;
1748;1997;
1749;2014;
1750;2014;
1751;2010;
1752;2006;
1754;2009;
1755;2012;
1756;2014;
1757;1995;
1758;2014;
1759;1955;
1760;1964;
1761;1971;
1762;1987;
1763;1996;
1765;1997;
1766;1990;
1767;2013;
1768;2010;
1769;2004;
1770;2012;
1771;1996;
1772;2012;
1773;2007;
1774;2012;
1775;2014;
1776;1999;
1777;2010;
1778;2012;
1779;2009;
1781;1998;
1782;2004;
1783;2008;
1784;1985;
1785;1999;
1786;1989;
1787;1996;
1788;2013;
1789;2003;
1790;1981;
1791;1967;
1792;2004;
1793;1987;
1794;1968;
1795;2015;
1796;1971;
1797;1989;
1798;1975;
1799;1979;
1800;1993;
1801;2013;
1802;1985;
1803;1967;
1804;1989;
1805;2005;
1807;2001;
1808;1999;
1809;2011;
1810;2001;
1811;2000;
1812;2013;
1814;1999;
1815;2007;
1816;1989;
1817;2007;
1818;2008;
1819;2009;
1820;2012;
1821;2012;
1822;2010;
1823;2008;
1824;2012;
1825;2005;
1826;2010;
1827;2005;
1828;1965;
1829;2010;
1830;1986;
1831;1996;
1832;2014;
1833;2014;
1834;2006;
1835;1995;
1836;1991;
1837;1993;
1838;2012;
1839;2015;
1840;2008;
1841;1916;
1843;1910;
1844;2012;
1845;2015;
1846;2012;
1847;1987;
1848;2008;
1849;2004;
1850;2013;
1851;2015;
1852;2011;
1853;2014;
1854;1980;
1855;2015;
1856;2010;
1857;1997;
1858;2012;
1859;1997;
1860;1998;
1861;1992;
1863;1995;
1864;2003;
1865;1992;
1866;2013;
1867;2001;
1868;1999;
1869;2013;
1871;2014;
1875;1996;
1877;1973;
1878;2011;
1879;2011;
1880;2009;
1881;2010;
1882;2009;
1883;1983;
1884;2006;
1885;2013;
1886;2006;
1887;2008;
1888;2008;
1889;1986;
1890;2008;
1891;2004;
1892;2009;
1893;2000;
1894;2008;
1895;2008;
1896;2009;
1897;2008;
1898;2008;
1899;2008;
1900;1997;
1901;2017;
1903;2014;
1904;2014;
1909;2014;
1910;2014;
1911;2014;
1912;1996;
1913;2011;
1914;2012;
1915;2011;
1916;1978;
1917;1978;
1918;1978;
1919;1978;
1920;1978;
1921;1978;
1922;1978;
1923;1978;
1924;1978;
1925;1978;
1926;1978;
1927;1978;
1928;1978;
1929;1978;
1930;1978;
1931;1978;
1932;1978;
1933;1978;
1934;1978;
1935;1978;
1936;1956;
1937;1978;
1938;2003;
1940;2004;
1941;2012;
1942;2015;
1943;2010;
1944;1998;
1945;2012;
1946;2013;
1947;2013;
1948;2013;
1949;1995;
1950;1990;
1951;1990;
1952;1990;
1953;1990;
1954;1990;
1955;1977;
1956;2006;
1957;2007;
1958;2016;
1959;2010;
1960;2007;
1961;2000;
1962;1954;
1963;1951;
1964;2009;
1966;2009;
1967;1995;
1968;1979;
1970;2007;
1971;2004;
1972;2011;
1973;1995;
1974;1992;
1975;1993;
1976;1973;
1977;2006;
1978;2009;
1979;2003;
1980;1997;
1981;2014;
1982;2013;
1983;2013;
1984;2007;
1985;2014;
1986;2007;
1988;2007;
1989;2011;
1990;2012;
1991;2000;
1992;2014;
1993;1997;
1994;2014;
1996;1994;
1997;1996;
1998;2009;
1999;1994;
2000;2003;
2001;1983;
2002;1990;
2003;1995;
2004;2000;
2005;1992;
2007;2001;
2008;2000;
2009;2003;
2010;2008;
2011;2008;
2012;2008;
2013;1984;
2014;1984;
2015;1984;
2016;1984;
2017;1984;
2018;1984;
2019;1984;
2020;1984;
2021;1984;
2022;1984;
2023;1984;
2024;1984;
2025;2007;
2026;1979;
2027;2006;
2028;1984;
2029;2012;
2030;2005;
2031;1965;
2032;1992;
2033;1998;
2034;2000;
2035;2001;
2036;2013;
2037;1994;
2038;2008;
2039;2016;
2040;2003;
2041;1906;
2042;2001;
2043;1969;
2044;1970;
2045;1978;
2047;2007;
2048;2012;
2049;2015;
2050;1991;
2051;2006;
2052;1988;
2053;2016;
2054;2014;
2055;1983;
2056;1989;
2059;2014;
2060;2005;
2061;2006;
2062;2010;
2063;2005;
2064;2006;
2065;2007;
2066;1993;
2067;2006;
2068;2014;
2069;2005;
2070;2005;
2071;2012;
2072;1990;
2073;2013;
2074;2016;
2075;2015;
2076;1992;
2077;2012;
2078;2013;
2079;2003;
2080;1999;
2081;2015;
2082;2012;
2083;2009;
2084;1993;
2085;1998;
2086;2015;
2087;2015;
2088;1998;
2089;2008;
2090;1990;
2091;1997;
2092;2009;
2093;2011;
2094;2012;
2095;2015;
2096;2015;
2097;2007;
2098;2012;
2099;2008;
2100;2015;
2101;2005;
2102;1999;
2103;2014;
2104;2015;
2105;2015;
2106;2015;
2107;2005;
2108;2008;
2109;1998;
2110;1993;
2111;1993;
2112;2011;
2113;2012;
2114;2013;
2115;2012;
2116;2012;
2117;2004;
2118;2010;
2119;1997;
2120;1991;
2121;2001;
2122;2002;
2123;2012;
2124;1997;
2125;1953;
2126;2005;
2127;2011;
2128;2002;
2129;2015;
2130;1998;
2131;2005;
2132;2015;
2133;2005;
2134;1988;
2135;1997;
2136;2014;
2137;2014;
2138;2012;
2140;1993;
2141;1963;
2142;1992;
2143;2002;
2144;1996;
2145;2000;
2146;2000;
2147;2009;
2148;1984;
2149;1989;
2150;2006;
2151;2013;
2152;2013;
2153;2013;
2154;2009;
2155;2000;
2156;1999;
2157;1996;
2158;2010;
2159;1995;
2160;1995;
2161;1995;
2162;1995;
2163;1995;
2164;1995;
2165;2008;
2166;2008;
2167;2012;
2168;2005;
2169;2013;
2170;1995;
2171;2002;
2172;1994;
2173;2006;
2174;2013;
2175;1995;
2177;1995;
2178;1998;
2179;2008;
2180;2013;
2181;2010;
2182;1995;
2183;1982;
2184;1996;
2185;1998;
2186;2005;
2187;2015;
2188;2008;
2189;2010;
2192;2005;
2194;1997;
2195;1999;
2196;2013;
2197;1977;
2198;1999;
2200;1976;
2201;2001;
2202;2006;
2203;2008;
2204;2012;
2205;1990;
2206;2005;
2207;2015;
2208;1994;
2209;1994;
2210;2010;
2211;1998;
2212;2005;
2213;1977;
2214;2010;
2215;2011;
2216;2008;
2217;2010;
2218;2015;
2219;2006;
2220;1973;
2221;2011;
2222;1979;
2223;1978;
2224;2003;
2225;2013;
2227;1994;
2229;1995;
2230;2004;
2231;1990;
2232;2013;
2233;1999;
2234;2012;
2235;2012;
2236;2011;
2237;2009;
2238;1996;
2239;2003;
2241;2015;
2242;1968;
2243;2014;
2244;2013;
2245;1983;
2246;2001;
2247;2012;
2248;1999;
2249;2012;
2250;1964;
2251;1999;
2252;2009;
2253;2012;
2254;1981;
2255;2013;
2256;2012;
2257;2012;
2258;2012;
2260;2010;
2261;2008;
2262;2014;
2263;1981;
2264;2011;
2265;2005;
2266;2016;
2267;1957;
2268;2009;
2269;2013;
2272;2010;
2273;1996;
2274;1996;
2275;2008;
2276;2017;
2280;1975;
2281;2011;
2282;2008;
2283;2016;
2284;2012;
2285;1997;
2286;2000;
2287;2000;
2288;2009;
2289;1993;
2290;1998;
2291;2010;
2292;2007;
2293;2012;
2294;1999;
2295;1992;
2296;2014;
2297;2007;
2299;2006;
2300;1974;
2301;1977;
2302;1990;
2303;2001;
2304;2001;
2306;2000;
2307;2014;
2308;2000;
2309;1993;
2310;1979;
2311;1976;
2312;1982;
2313;2011;
2314;2012;
2315;1988;
2316;2010;
2317;2016;
2318;2016;
2319;1994;
2320;1968;
2321;2015;
2322;2014;
2323;1988;
2324;2014;
2325;1988;
2326;2016;
2327;2014;
2328;2014;
2330;2016;
2331;2016;
2332;2016;
2333;2016;
2334;2010;
2335;2013;
2336;1988;
2337;1991;
2338;2016;
2339;2016;
2340;2014;
2341;2011;
2342;2011;
2343;2014;
2344;2010;
2345;2010;
2346;2014;
2347;2014;
2348;2014;
2349;2010;
2350;2000;
2352;2008;
2353;2014;
2354;2014;
2355;2010;
2356;2014;
2357;2016;
2359;2014;
2360;2013;
2361;2001;
2362;2005;
2363;1973;
2364;1988;
2366;2011;
2367;1984;
2368;2001;
2369;2011;
2370;2008;
2371;2013;
2372;2013;
2373;1892;
2374;2012;
2375;1990;
2376;2008;
2377;1999;
2378;2013;
2379;2000;
2380;2004;
2381;2004;
2382;2009;
2383;2010;
2384;1909;
2385;2006;
2386;2006;
2387;2010;
2388;2007;
2389;2008;
2390;2005;
2391;1979;
2392;2011;
2393;2017;
2394;2005;
2395;2006;
2396;2014;
2397;2011;
2398;1996;
2400;2011;
2401;1990;
2402;1996;
2403;2001;
2404;1953;
2405;1974;
2406;1980;
2407;2004;
2408;2014;
2409;2016;
2410;2012;
2411;1988;
2412;2013;
2413;1999;
2414;2011;
2415;2000;
2416;1976;
2417;2000;
2418;1974;
2419;1993;
2420;2015;
2421;2004;
2422;2013;
2423;2002;
2424;2007;
2425;2012;
2426;2008;
2427;2005;
2428;2006;
2429;2005;
2430;1930;
2431;1936;
2432;1952;
2433;2012;
2434;2009;
2435;2012;
2436;1953;
2437;2010;
2438;2009;
2439;2006;
2440;1976;
2441;2000;
2442;2006;
2443;2010;
2444;2000;
2445;2012;
2446;2012;
2447;2017;
2448;2014;
2449;1965;
2450;1967;
2451;1984;
2452;1962;
2453;1970;
2454;1986;
2455;1973;
2456;1979;
2457;2000;
2458;1992;
2459;1989;
2460;2000;
2461;1972;
2462;1973;
2463;1991;
2464;1993;
2465;1988;
2466;1978;
2467;1991;
2468;1979;
2469;1994;
2470;1980;
2471;2013;
2472;1985;
2473;1972;
2474;1975;
2475;1984;
2476;1990;
2477;1994;
2478;1989;
2479;1981;
2480;1985;
2481;1984;
2482;1974;
2483;2000;
2484;1968;
2485;1978;
2486;2000;
2487;2001;
2488;1953;
2489;1998;
2490;1988;
2497;2003;
2498;1961;
2499;1941;
2500;1951;
2501;1986;
2502;2000;
2503;1986;
2504;1985;
2505;1982;
2506;1957;
2507;1960;
2508;1969;
2509;1976;
2510;1997;
2511;1999;
2512;2004;
2513;2005;
2514;2005;
2515;2005;
2516;2013;
2517;2014;
2518;2004;
2519;2014;
2520;2014;
2521;2009;
2522;2013;
2523;2004;
2524;2015;
2525;1998;
2526;2011;
2527;2013;
2528;1999;
2529;2010;
2530;2008;
2531;2014;
2532;2004;
2533;2003;
2534;2003;
2535;1996;
2536;1998;
2537;2018;
2538;1978;
2539;2005;
2540;2006;
2541;2013;
2542;2011;
2543;1975;
2544;1957;
2545;1971;
2546;2004;
2547;2007;
2548;2003;
2549;2006;
2550;2004;
2551;2007;
2552;1979;
2553;1994;
2554;2011;
2555;2007;
2556;2005;
2558;2013;
2559;2017;
2560;2002;
2561;1963;
2562;2012;
2565;2007;
2566;2007;
2567;1993;
2568;1909;
2569;2006;
2570;1985;
2571;2018;
2572;1984;
2573;2018;
2574;2016;
2575;2014;
2576;2008;
2577;2017;
2578;2014;
2579;2007;
2580;2008;
2581;2012;
2582;2002;
2583;1995;
2584;2016;
2585;2003;
2586;2006;
2587;2008;
2588;2013;
2590;2005;
2591;2015;
2592;1935;
2593;2018;
2594;1995;
2595;1995;
2596;1984;
2597;2005;
2598;2015;
2599;2013;
2600;1995;
2601;1936;
2602;1985;
2603;1978;
2604;2002;
2605;2011;
2606;1868;
2607;1967;
2608;1994;
2609;2010;
2610;1975;
2611;1977;
2612;1935;
2613;1946;
2614;1960;
2615;1960;
2616;1969;
2617;1970;
2618;1952;
2619;1994;
2620;2013;
2621;2013;
2622;2018;
2623;2012;
2624;2011;
2625;2013;
2626;1911;
2631;2005;
2632;2005;
2633;2005;
2634;2004;
2635;2005;
2636;1971;
2637;1994;
2638;2016;
2639;2015;
2640;2017;
2641;1995;
2642;2006;
2643;1970;
2644;1972;
2645;2003;
2651;2015;
2652;2011;
2653;2007;
2654;2007;
2655;1962;
2656;1968;
2657;2015;
2658;2013;
2659;2005;
2660;2015;
2661;1995;
2662;1995;
2663;1995;
2664;2011;
2665;2014;
2667;2017;
2668;2018;
2669;2016;
2670;1909;
2671;1998;
2672;2013;
2673;2017;
2674;2002;
2675;2007;
2676;2016;
2677;1990;
2681;2015;
2682;1994;
2683;1992;
2684;2006;
2686;2004;
2687;2006;
2688;1999;
2689;1995;
2690;2006;
2691;2010;
2692;2008;
2693;1979;
2694;2010;
2695;2013;
2696;1994;
2697;2000;
2698;1994;
2699;1994;
2700;2006;
2701;1952;
2703;2013;
2704;2004;
2705;1993;
2706;2016;
2707;2019;
2708;2010;
2709;2001;
2710;2010;
2711;2003;
2712;1995;
2714;1914;
2715;1914;
2716;2016;
2717;2006;
2718;2004;
2719;2012;
2720;2008;
2721;1997;
2722;2010;
2723;2012;
2724;1985;
2725;1988;
2726;1992;
2727;2017;
2728;1985;
2729;2014;
2730;2011;
2731;2016;
2732;2017;
2733;2003;
2734;2007;
2735;2009;
2736;2012;
2737;2015;
2738;2015;
2739;2012;
2740;1991;
2741;1995;
2742;2018;
2743;2015;
2744;1993;
2745;1958;
2746;1969;
2747;1952;
2748;1949;
2749;1984;
2751;1984;
2752;1984;
2753;1984;
2754;1997;
2755;2015;
2756;2011;
2757;2012;
2758;1941;
2759;1984;
2760;2002;
2761;2001;
2762;2017;
2763;1916;
2764;1934;
2765;1938;
2766;1938;
2767;1978;
2768;1982;
2769;2016;
2770;2004;
2771;2013;
2772;1988;
2773;1986;
2774;1966;
2775;1978;
2776;1978;
2777;1978;
2778;1984;
2779;1989;
2780;1974;
2781;2015;
2782;2018;
2783;1976;
2784;1989;
2785;1989;
2786;2003;
2787;1978;
2789;1991;
2790;2002;
2791;2018;
2792;1996;
2793;2014;
2794;2011;
2795;2009;
2798;1979;
2799;1992;
2800;1998;
2802;2020;
2803;2005;
2804;1965;
2805;2015;
2806;1978;
2807;2011;
2808;2009;
2809;2018;
2810;2016;
2811;1983;
2812;1991;
2813;1992;
2814;1994;
2815;1998;
2816;2016;
2817;1978;
2818;2009;
2820;2016;
2821;1982;
2822;1994;
2824;2003;
2825;2012;
2826;2018;
2827;2003;
2828;2011;
2829;2017;
2830;2012;
2831;2015;
2833;2011;
2834;2001;
2835;2015;
2837;2015;
2838;2015;
2839;2008;
2840;2013;
2841;2013;
2842;2013;
2843;2012;
2844;1983;
2845;1999;
2846;1994;
2847;2003;
2848;2000;
2849;2004;
2850;2015;
2851;2005;
2852;2013;
2853;2014;
2854;1982;
2855;1999;
2856;2010;
2857;2007;
2858;2000;
2859;2015;
2860;2000;
2861;2007;
2862;2000;
2863;2003;
2864;2004;
2865;1996;
2866;2001;
2867;1998;
2868;2013;
2869;2015;
2870;2011;
2871;2013;
2872;2011;
2873;2000;
2874;2006;
2875;2002;
2876;2006;
2877;2007;
2878;2013;
2879;2010;
2880;2014;
2881;2002;
2882;2015;
2883;1988;
2884;2010;
2885;1988;
2886;2010;
2887;2001;
2888;1996;
2889;1996;
2890;2019;
2891;2015;
2892;2017;
2893;2001;
2894;2015;
2895;2015;
2896;2007;
2897;2004;
2898;2010;
2899;2011;
2900;2001;
2901;1989;
2903;1992;
2904;2019;
2905;2015;
2906;2012;
2907;2016;
2908;1980;
2909;1983;
2910;2011;
2911;2014;
2912;1979;
2914;2010;
2915;2015;
2916;2015;
2917;1993;
2918;2012;
2919;2019;
2920;1953;
2921;2014;
2922;2016;
2923;1997;
2924;2017;
2925;1991;
2926;1966;
2927;1962;
2928;2017;
2929;2017;
2930;2009;
2931;2018;
2932;2013;
2933;2018;
2934;2016;
2935;1963;
2936;2017;
2937;2015;
2938;1996;
2939;1979;
2940;2015;
2941;2016;
2942;1991;
2943;1991;
2944;2017;
2945;1967;
2946;1979;
2947;1970;
2948;2016;
2949;1991;
2950;2018;
2951;1984;
2952;1953;
2953;2016;
2954;2007;
2955;2003;
2957;2012;
2958;2006;
2959;1992;
2960;2015;
2961;2005;
2962;2014;
2963;2019;
2964;2017;
2965;2014;
2966;1999;
2967;2009;
2968;2010;
2969;2019;
2970;2019;
2971;2012;
2972;2018;
2973;2013;
2974;2016;
2975;2011;
2976;2013;
2977;2018;
2978;2018;
2979;2015;
2980;1995;
2981;2017;
2982;2015;
2983;2005;
2984;2016;
2985;1999;
2986;2017;
2987;2008;
2988;2014;
2989;1995;
2990;2002;
2991;2003;
2992;2007;
2993;1978;
2994;2019;
2995;2012;
2996;2009;
2997;2019;
2998;2018;
2999;1958;
3000;2002;
3001;1991;
3002;1968;
3003;2003;
3004;2017;
3005;2001;
3006;2016;
3007;2019;
3008;2015;
3009;2011;
3011;1994;
3012;2009;
3013;2009;
3014;2014;
3015;2018;
3016;2004;
3017;2018;
3018;2008;
3019;1973;
3020;2014;
3021;2004;
3022;2004;
3023;2017;
3024;2017;
3025;2016;
3026;2015;
3027;2015;
3028;2010;
3029;2008;
3030;2010;
3031;2009;
3032;2007;
3033;2006;
3034;2000;
3035;1996;
3036;1962;
3037;2013;
3038;1991;
3039;1988;
3040;2015;
3041;2004;
3042;2018;
3043;2014;
3044;2009;
3045;2008;
3046;2015;
3047;1973;
3048;1968;
3049;1997;
3050;1990;
3051;1989;
3052;2005;
3053;2009;
3054;2012;
3055;2010;
3056;1982;
3057;2014;
3058;1952;
3059;1961;
3060;1964;
3061;2005;
3062;2015;
3063;2018;
3064;2014;
3065;2012;
3066;2012;
3067;2003;
3068;2018;
3069;2017;
3070;2017;
3071;1980;
3072;2007;
3073;1994;
3075;1994;
3076;2012;
3077;2000;
3078;1996;
3079;2004;
3080;1997;
3081;1995;
3082;2007;
3083;2004;
3084;1994;
3085;2002;
3087;1955;
3089;2007;
3090;2014;
3091;2002;
3092;1999;
3093;2001;
3094;2019;
3095;2010;
3096;2015;
3097;2017;
3098;2016;
3099;2014;
3100;2007;
3101;2012;
3102;2004;
3103;2010;
3104;2014;
3105;2003;
3106;2015;
3107;2015;
3108;2019;
3109;2018;
3111;2012;
3112;1979;
3113;2019;
3114;2007;
3115;2015;
3116;1997;
3117;2001;
3118;2008;
3119;2004;
3120;2012;
3121;2008;
3122;2012;
3123;1938;
3124;2016;
3125;2011;
3126;2004;
3127;2007;
3128;2014;
3129;2019;
3130;2005;
3131;2012;
3132;2012;
3133;2010;
3134;2012;
3135;1966;
3136;1996;
3137;2014;
3138;2018;
3139;2014;
3140;2006;
3141;1998;
3142;1977;
3143;2018;
3144;2016;
3145;2019;
3146;2015;
3147;2005;
3148;2006;
3149;2019;
3150;2010;
3151;2015;
3152;2019;
3153;1912;
3154;1959;
3155;2016;
3156;2019;
3157;2015;
3158;2018;
3159;2020;
3160;2013;
3161;2012;
3162;1963;
3163;2002;
3164;2009;
3165;2012;
3166;1984;
3167;2010;
3168;2004;
3169;2014;
3170;2009;
3171;2014;
3172;2004;
3173;1984;
3175;1999;
3176;1980;
3177;1920;
3178;1965;
3179;2010;
3180;2008;
3181;2001;
3182;2008;
3183;2018;
3184;2014;
3185;2018;
3186;2018;
3187;2012;
3188;2018;
3189;2018;
3190;2016;
3191;2014;
3192;1992;
3193;1986;
3194;2012;
3195;1973;
3196;2010;
3197;2004;
3198;1912;
3199;1991;
3200;1990;
3201;2018;
3202;2016;
3203;2010;
3204;2006;
3205;2016;
3206;2018;
3207;2016;
3208;1996;
3209;2020;
3211;1997;
3212;1966;
3214;1997;
3215;2017;
3216;2013;
3217;1969;
3218;1969;
3219;1979;
3220;2006;
3221;1996;
3222;1938;
3223;1991;
3224;1991;
3225;1970;
3226;1971;
3227;2016;
3228;2015;
3229;2018;
3230;2017;
3231;2017;
3232;2010;
3233;2014;
3234;1991;
3235;2018;
3236;1992;
3237;2018;
3238;2017;
3239;2018;
3240;2008;
3241;2018;
3242;2017;
3243;1992;
3244;1989;
3245;1991;
3246;1991;
3247;1979;
3248;1979;
3249;1994;
3250;1994;
3251;1999;
3252;2018;
3253;2012;
3254;1954;
3255;1993;
3256;1993;
3257;2014;
3258;2011;
3259;1993;
3260;1993;
3261;1985;
3262;1993;
3263;1993;
3264;1993;
3265;1993;
3266;2011;
3267;1993;
3268;1993;
3269;1993;
3270;1993;
3271;1993;
3273;1993;
3274;1991;
3275;1993;
3276;1930;
3277;1993;
3278;1993;
3279;1993;
3280;1993;
3281;2016;
3282;1981;
3283;2018;
3284;1986;
3287;1993;
3288;1993;
3289;1935;
3290;1954;
3292;1958;
3293;1969;
3294;2018;
3295;2018;
3296;1994;
3297;1958;
3298;1961;
3299;2004;
3300;1986;
3301;1942;
3302;2008;
3303;2020;
3304;2018;
3305;1980;
3306;1980;
3307;2004;
3308;1980;
3309;1994;
3310;1974;
3311;1998;
3313;2004;
3314;2005;
3315;2020;
3316;2020;
3317;1972;
3318;1953;
3319;1997;
3320;2009;
3321;2011;
3322;2018;
3323;2000;
3324;1998;
3326;1865;
3327;1957;
3328;1959;
3329;1976;
3330;1996;
3331;2001;
3332;2002;
3333;2015;
3334;2008;
3335;1991;
3336;1970;
3337;2001;
3338;2003;
3339;1984;
3340;1973;
3341;2005;
3342;2009;
3343;1995;
3344;1870;
3345;1907;
3346;1914;
3347;2016;
3348;2016;
3349;2016;
3350;2015;
3351;2017;
3352;2008;
3353;1955;
3354;1978;
3355;1980;
3356;2013;
3357;2013;
3358;2016;
3359;2010;
3360;2012;
3361;1970;
3362;2009;
3363;2018;
3364;1955;
3365;1959;
3366;1970;
3367;1968;
3368;1987;
3369;2003;
3370;2009;
3371;1948;
3372;1987;
3373;2014;
3374;1987;
3375;1987;
3376;1987;
3377;1985;
3378;2016;
3379;2017;
3380;2018;
3381;2002;
3382;2014;
3383;2010;
3384;1954;
3385;1987;
3386;2016;
3387;2018;
3388;1961;
3389;2009;
3390;1993;
3391;1996;
3392;1988;
3393;1996;
3394;2006;
3395;1930;
3396;1954;
3397;1958;
3398;2015;
3399;1988;
3400;2018;
3401;2002;
3402;2001;
3403;2006;
3404;2012;
3406;2006;
3407;2020;
3408;2009;
3409;2006;
3410;2012;
3411;2010;
3412;2012;
3413;2004;
3414;1987;
3415;2004;
3416;2015;
3417;1998;
3418;2009;
3419;2018;
3420;2018;
3421;1991;
3422;2016;
3423;2012;
3424;1999;
3425;2007;
3426;2011;
3427;2013;
3428;2011;
3429;2007;
3430;2008;
3432;2013;
3433;1992;
3434;1992;
3435;2020;
3436;2000;
3437;2020;
3438;2007;
3439;1992;
3440;2010;
3441;2016;
3442;2017;
3443;2010;
3447;2018;
3448;2018;
3449;2001;
3451;2018;
3452;2009;
3453;1992;
3454;2017;
3455;1960;
3456;1928;
3457;1995;
3458;2017;
3459;1999;
3460;2017;
3461;2000;
3462;1992;
3463;2000;
3464;1939;
3465;2005;
3466;2004;
3467;2003;
3468;2007;
3469;2008;
3470;1982;
3471;1964;
3472;1969;
3473;2017;
3475;2017;
3476;2015;
3477;1997;
3478;1994;
3479;2018;
3480;1979;
3481;1931;
3482;2002;
3483;1979;
3484;2008;
3485;2012;
3486;1997;
3487;2007;
3488;2017;
3489;2020;
3490;1985;
3491;1999;
3492;2019;
3493;2018;
3494;1992;
3495;1992;
3496;1997;
3497;1983;
3498;1869;
3499;1870;
3500;2011;
3501;2016;
3502;2014;
3503;2018;
3504;2012;
3505;2008;
3506;1958;
3507;2000;
3508;1955;
3509;0;
3510;2016;
3511;2008;
3513;2000;
3514;1999;
3515;2005;
3516;1992;
3517;2018;
3518;1995;
3519;2010;
3520;1999;
3521;2010;
3522;2018;
3523;2015;
3524;2001;
3525;2001;
3526;2010;
3527;1999;
3528;2018;
3529;2017;
3530;2007;
3531;2014;
3532;2014;
3533;2007;
3534;1999;
3535;2015;
3536;1999;
3537;2010;
3538;2019;
3539;2008;
3540;1998;
3541;2007;
3542;2017;
3543;2020;
3544;2010;
3545;2011;
3546;2018;
3547;2018;
3548;1972;
3549;1957;
3550;2017;
3551;2006;
3552;2007;
3553;2004;
3554;2017;
3555;1980;
3556;2001;
3557;1997;
3558;1994;
3559;2012;
3560;1999;
3561;1968;
3562;2010;
3563;2012;
3564;2018;
3565;2014;
3566;2018;
3568;2010;
3569;2019;
3570;2004;
3571;2009;
3572;2001;
3573;2005;
3574;2002;
3575;2005;
3576;1994;
3577;1868;
3578;2003;
3579;2014;
3580;2016;
3581;2017;
3582;1959;
3583;1978;
3584;1961;
3585;2007;
3586;2004;
3587;2014;
3588;2012;
3589;2014;
3590;1965;
3591;1955;
3592;2006;
3593;1996;
3594;1997;
3595;1978;
3596;2004;
3597;2019;
3598;1920;
3599;2011;
3600;1977;
3601;2017;
3602;2019;
3603;2008;
3604;1992;
3605;1986;
3606;2003;
3607;2012;
3608;1998;
3609;1964;
3610;1957;
3611;1969;
3612;2012;
3613;2003;
3614;1973;
3615;2006;
3616;1999;
3617;2012;
3618;2018;
3619;2012;
3620;2017;
3621;1989;
3622;2020;
3623;2008;
3624;2008;
3625;2008;
3626;2007;
3627;2018;
3628;2015;
3629;2001;
3630;1991;
3631;1993;
3632;1957;
3633;2008;
3634;2013;
3635;1934;
3636;2011;
3637;2011;
3638;2000;
3639;2003;
3640;2009;
3641;1979;
3642;1985;
3643;2008;
3644;1995;
3645;2019;
3646;2020;
3647;2020;
3648;2007;
3649;2019;
3650;2011;
3651;2014;
3652;2017;
3653;2014;
3654;1959;
3655;1973;
3656;2001;
3657;1968;
3658;1987;
3659;2020;
3660;2016;
3661;2015;
3662;1993;
3663;2014;
3664;2001;
3665;2012;
3666;1997;
3667;2007;
3668;1976;
3669;1993;
3670;2018;
3671;2009;
3672;2012;
3673;2015;
3674;2012;
3675;2008;
3676;2000;
3685;1957;
3686;1965;
3687;1967;
3688;2010;
3689;2002;
3690;2006;
3691;2019;
3692;2009;
3693;2009;
3694;2009;
3695;2010;
3696;2008;
3697;2003;
3698;2016;
3699;2007;
3700;2018;
3701;2006;
3702;2006;
3703;2010;
3704;2010;
3705;2010;
3706;2009;
3707;2015;
3708;2009;
3709;1977;
3710;2016;
3711;2012;
3712;2017;
3713;1937;
3714;1957;
3715;1983;
3716;1976;
3717;2010;
3718;2003;
3719;2010;
3720;2007;
3721;1988;
3722;1986;
3723;2008;
3724;1958;
3725;2006;
3726;1975;
3727;1936;
3728;1949;
3729;2009;
3730;1980;
3731;1965;
3732;2010;
3733;2014;
3734;2020;
3735;2010;
3736;2003;
3737;2014;
3738;2009;
3739;2007;
3740;2004;
3741;2013;
3742;2015;
3743;2017;
3744;2016;
3745;2018;
3746;2012;
3747;2004;
3748;2010;
3749;1908;
3750;1991;
3751;1973;
3752;2015;
3753;1976;
3754;2017;
3755;1998;
3756;2015;
3757;2015;
3758;1993;
3759;2012;
3760;1994;
3761;1961;
3762;1967;
3763;2010;
3764;2014;
3765;1997;
3766;2014;
3767;2013;
3768;2009;
3769;2010;
3770;2012;
3771;2002;
3772;1995;
3773;2018;
3774;2008;
3775;2008;
3776;2016;
3777;2017;
3778;2020;
3779;2003;
3780;2018;
3781;1968;
3782;1987;
3783;2011;
3784;2018;
3785;2018;
3786;1999;
3787;2020;
3788;2006;
3789;2000;
3790;2002;
3791;2020;
3792;2009;
3793;1996;
3794;2020;
3795;2018;
3796;2006;
3797;2008;
3798;2019;
3799;2020;
3800;2020;
3801;1988;
3802;2016;
3803;2017;
3804;2015;
3805;2020;
3806;2016;
3807;2004;
3808;1936;
3809;1976;
3810;2006;
3811;1916;
3812;1977;
3813;1992;
3814;1922;
3815;2006;
3816;2016;
3817;2006;
3818;2008;
3819;2010;
3820;1961;
3821;2020;
3822;2012;
3824;1998;
3825;1998;
3826;2008;
3827;2001;
3828;1926;
3829;1927;
3830;2008;
3831;2006;
3832;2003;
3833;2012;
3834;2019;
3835;1998;
3836;2006;
3837;2019;
3839;2009;
3840;2002;
3841;2014;
3843;2021;
3844;2004;
3845;1990;
3846;1969;
3847;2003;
3848;2005;
3849;2006;
3850;1990;
3851;1981;
3852;2010;
3853;2013;
3854;2014;
3855;2013;
3856;2007;
3857;2005;
3858;2006;
3859;1994;
3860;1976;
3861;2012;
3862;2006;
3863;2001;
3864;1990;
3865;2011;
3866;2020;
3867;2016;
3868;2007;
3869;1956;
3870;1956;
3871;2017;
3872;2020;
3873;1980;
3874;2002;
3875;2009;
3876;2018;
3877;1951;
3878;1998;
3879;2004;
3880;2013;
3881;2010;
3882;1998;
3883;2005;
3884;1986;
3885;2007;
3886;2017;
3887;1990;
3888;2013;
3889;1989;
3890;1994;
3891;2017;
3892;1974;
3893;1990;
3894;2008;
3895;2013;
3896;2016;
3897;1996;
3898;1990;
3899;1992;
3900;2011;
3901;1989;
3902;1992;
3904;1985;
3905;2004;
3906;2007;
3907;2002;
3908;2006;
3909;1998;
3910;1982;
3911;2017;
3912;2011;
3913;1951;
3914;1997;
3915;1986;
3916;1987;
3917;2003;
3918;2001;
3919;1955;
3920;2019;
3921;1980;
3922;1957;
3923;2003;
3924;2011;
3925;1982;
3926;2006;
3927;2007;
3928;2008;
3929;2021;
3930;2018;
3931;2013;
3932;2012;
3933;2010;
3934;2020;
3935;2019;
3936;2020;
3937;2009;
3938;2019;
3939;2018;
3940;2019;
3941;2017;
3942;2001;
3943;2010;
3944;2015;
3945;2006;
3946;2011;
3947;1999;
3948;2008;
3949;2008;
3950;2011;
3951;1994;
3952;2014;
3953;2013;
3954;2013;
3955;2013;
3956;2010;
3957;2018;
3958;2018;
3959;2020;
3960;1976;
3961;2002;
3962;2005;
3963;1999;
3964;2007;
3965;1990;
3966;1978;
3967;2009;
3968;2015;
3969;1990;
3970;1952;
3971;1937;
3972;1997;
3973;1997;
3974;1927;
3975;1934;
3976;1960;
3977;1978;
3978;2018;
3979;2011;
3980;2012;
3981;2014;
3982;1966;
3983;2014;
3984;1986;
3985;1994;
3986;2002;
3987;2015;
3988;1917;
3989;1987;
3990;1993;
3991;1978;
3992;2019;
3993;2020;
3994;1978;
3995;1978;
3996;1999;
3997;1982;
3998;2019;
3999;2004;
4000;1974;
4001;2015;
4002;2019;
4003;2008;
4004;2013;
4005;2001;
4006;2013;
4007;2005;
4008;1967;
4009;2002;
4010;2010;
4011;1993;
4012;1984;
4013;2018;
4014;2016;
4015;2015;
4016;2004;
4017;2002;
4018;2006;
4019;2019;
4020;2020;
4021;1983;
4022;1992;
4023;2008;
4024;1996;
4025;1996;
4026;2015;
4027;2006;
4028;2010;
4029;2002;
4030;1993;
4031;1976;
4032;1993;
4033;1993;
4034;1986;
4035;2004;
4036;2018;
4037;1995;
4038;2010;
4039;2020;
4040;1911;
4041;1975;
4042;1981;
4043;1988;
4044;1997;
4045;1986;
4046;2007;
4047;1989;
4049;2017;
4050;2021;
4051;2018;
4052;2002;
4053;2004;
4054;1997;
4055;1993;
4056;1974;
4057;2011;
4058;2000;
4059;2020;
4060;2017;
4061;1987;
4062;1993;
4063;1966;
4064;2019;
4065;2011;
4066;1941;
4067;2008;
4068;1968;
4069;2010;
4070;2011;
4071;2018;
4072;2017;
4073;1995;
4074;2015;
4075;1985;
4076;2018;
4077;1988;
4078;1988;
4079;1988;
4080;2016;
4081;2011;
4082;1995;
4083;2018;
4084;1969;
4085;2016;
4087;2017;
4088;2015;
4089;2001;
4090;2018;
4091;2020;
4092;2020;
4093;2012;
4094;2016;
4095;2016;
4096;2020;
4097;1988;
4098;2020;
4099;2018;
4100;2016;
4101;2016;
4102;2000;
4103;2016;
4104;2015;
4105;2021;
4106;2015;
4107;2016;
4108;2018;
4109;2020;
4110;2016;
4111;1975;
4112;2016;
4113;2010;
4114;2016;
4115;2006;
4116;2020;
4117;2010;
4118;2016;
4119;2021;
4120;2014;
4121;1994;
4122;2009;
4123;2001;
4124;2008;
4125;2019;
4126;2018;
4127;2006;
4128;2015;
4129;1940;
4130;1995;
4131;1995;
4132;1987;
4133;2015;
4134;1986;
4135;2000;
4136;2019;
4137;2016;
4138;2012;
4139;2012;
4140;2005;
4141;1988;
4142;1968;
4143;2016;
4144;2016;
4145;2004;
4146;2012;
4147;2015;
4148;2009;
4149;2015;
4150;2012;
4151;1985;
4152;2012;
4153;1984;
4154;2012;
4155;2015;
4156;2019;
4157;2009;
4158;2014;
4159;1981;
4160;2009;
4161;2012;
4162;2019;
4163;2012;
4164;1987;
4165;1987;
4166;2008;
4167;1987;
4168;1987;
4169;2010;
4170;1986;
4171;1985;
4172;1972;
4173;2019;
4174;1967;
4175;2019;
4176;2013;
4177;1957;
4178;1972;
4179;2015;
4180;2016;
4181;2016;
4182;2009;
4183;2009;
4184;2016;
4185;2009;
4186;2016;
4187;2016;
4188;1972;
4189;2009;
4190;2009;
4191;1960;
4192;1994;
4193;2020;
4194;2013;
4195;2015;
4196;2009;
4197;2009;
4198;2012;
4199;2020;
4200;2008;
4201;2013;
4202;1996;
4203;2021;
4206;1994;
4207;2000;
4208;2013;
4209;2013;
4210;2015;
4211;2017;
4212;2019;
4213;2013;
4214;2020;
4215;1973;
4216;2017;
4217;2020;
4218;2008;
4219;2016;
4220;2001;
4221;1979;
4222;1983;
4223;1966;
4224;1989;
4225;2016;
4226;2015;
4227;1977;
4228;2012;
4229;1992;
4230;2020;
4231;2021;
4232;2020;
4233;2017;
4234;1999;
4235;1968;
4236;1966;
4237;2011;
4238;1993;
4239;2015;
4240;2000;
4241;1993;
4242;1978;
4243;2017;
4244;1993;
4245;2003;
4246;2008;
4247;1978;
4248;2019;
4249;1999;
4250;2004;
4251;1999;
4252;2011;
4253;2008;
4254;2011;
4256;2021;
4257;2009;
4259;1999;
4260;2012;
4261;2009;
4262;1986;
4263;1978;
4264;2016;
4265;2019;
4266;2008;
4267;2012;
4268;2021;
4269;1990;
4270;2005;
4271;2014;
4272;2015;
4273;2014;
4274;2014;
4275;2000;
4276;2001;
4277;2004;
4278;2010;
4279;2013;
4280;2009;
4281;2011;
4282;1989;
4283;2017;
4284;2012;
4285;2011;
4286;1975;
4287;2015;
4288;1978;
4289;1982;
4291;1998;
4292;1996;
4293;2020;
4294;2021;
4295;1967;
4296;2021;
4297;2005;
4298;1992;
4299;1990;
4300;2006;
4302;2013;
4303;1993;
4304;1991;
4305;1997;
4306;2014;
4307;2021;
4308;2008;
4309;2010;
4310;2010;
4311;2010;
4312;2010;
4313;2008;
4314;2001;
4316;2021;
4317;2019;
4318;2010;
4319;2017;
4320;2014;
4321;1957;
4322;1992;
4323;2009;
4324;1986;
4325;2010;
4326;2010;
4327;2013;
4328;2015;
4329;2016;
4330;2014;
4331;1999;
4332;2010;
4333;2011;
4334;1994;
4335;2016;
4336;2006;
4337;2007;
4339;1989;
4340;1982;
4341;1999;
4342;2000;
4343;1978;
4344;1998;
4345;1989;
4346;2001;
4347;2009;
4348;1987;
4349;1986;
4350;2009;
4351;1999;
4352;2006;
4353;2016;
4354;1991;
4355;1997;
4356;1997;
4357;1997;
4358;2008;
4359;2005;
4360;2014;
4361;2000;
4362;2009;
4363;1989;
4364;1992;
4365;2015;
4366;2014;
4367;2020;
4368;2010;
4369;1982;
4370;2012;
4371;2002;
4372;2017;
4373;1997;
4374;2004;
4375;1991;
4376;2014;
4377;1975;
4378;1998;
4379;2012;
4380;2009;
4381;2015;
4382;2019;
4383;2011;
4384;2020;
4385;1978;
4386;1986;
4387;1995;
4388;2017;
4389;1994;
4390;2018;
4391;2021;
4392;1889;
4393;2020;
4394;1978;
4395;1987;
4396;2000;
4397;2008;
4398;2009;
4399;2011;
4400;2018;
4401;1982;
4402;2021;
4403;2013;
4404;2015;
4405;1995;
4406;1992;
4407;2014;
4408;2012;
4409;2011;
4410;2007;
4411;1981;
4412;1982;
4413;1982;
4414;2005;
4415;1998;
4416;2004;
4417;2008;
4418;1979;
4419;1985;
4420;2016;
4421;2019;
4422;2016;
4423;2013;
4424;2022;
4425;2012;
4426;2012;
4427;2018;
4428;2015;
4429;2006;
4430;2011;
4431;2012;
4432;2000;
4433;2011;
4434;2015;
4435;2015;
4436;2015;
4437;1989;
4438;2012;
4439;2015;
4440;2015;
4441;2012;
4442;2018;
4443;2015;
4444;2015;
4445;1994;
4446;2012;
4447;1996;
4448;2020;
4449;2005;
4450;1965;
4451;2018;
4452;2019;
4453;1984;
4454;1982;
4455;1955;
4456;2012;
4457;2007;
4458;2003;
4459;2006;
4460;2018;
4461;2008;
4462;2009;
4463;1995;
4464;2005;
4465;2009;
4466;2018;
4467;2015;
4468;2017;
4469;2014;
4470;2019;
4471;2020;
4472;1993;
4473;1991;
4474;1989;
4475;2019;
4476;2005;
4477;2012;
4478;2006;
4479;2020;
4480;2015;
4481;2005;
4482;2005;
4483;2012;
4484;2018;
4485;2004;
4486;2021;
4487;2018;
4488;2017;
4489;2021;
4490;1962;
4491;2015;
4492;1973;
4493;1988;
4494;2009;
4495;2003;
4496;2005;
4497;2013;
4498;1947;
4499;2001;
4500;1997;
4501;1999;
4502;2012;
4503;1986;
4504;1991;
4505;1989;
4506;2013;
4507;2019;
4508;2004;
4509;2015;
4510;2012;
4511;1989;
4512;1982;
4513;2010;
4514;2002;
4515;1999;
4516;1978;
4517;2013;
4518;2018;
4519;2018;
4520;2012;
4521;2021;
4522;2021;
4523;1975;
4524;1998;
4525;2013;
4526;2013;
4527;2016;
4528;2019;
4529;1989;
4530;1991;
4531;2018;
4532;2020;
4533;2006;
4534;1978;
4535;2014;
4536;2009;
4537;2001;
4538;1928;
4539;2019;
4540;1959;
4541;2015;
4542;1996;
4543;2006;
4544;2017;
4545;1985;
4546;1999;
4547;2004;
4548;2021;
4549;2014;
4550;1976;
4551;1983;
4552;1985;
4553;1999;
4554;2002;
4555;2009;
4556;2000;
4557;2016;
4558;2007;
4559;1933;
4560;1937;
4561;2013;
4562;2013;
4563;2012;
4564;2012;
4565;2012;
4566;1996;
4567;1999;
4568;2008;
4569;2010;
4570;2004;
4571;2019;
4572;1876;
4573;1980;
4574;1983;
4575;1986;
4576;1986;
4577;1997;
4578;1997;
4579;1983;
4580;1997;
4581;2002;
4582;1980;
4583;1986;
4584;1912;
4585;2015;
4586;1977;
4587;2005;
4588;1999;
4589;1979;
4590;2002;
4591;2008;
4592;2013;
4593;2006;
4594;2003;
4595;1997;
4596;1980;
4597;2021;
4598;2002;
4599;1988;
4600;2011;
4601;2002;
4602;2004;
4603;1996;
4604;2000;
4605;1996;
4606;2004;
4607;1993;
4608;2009;
4609;1995;
4610;2020;
4611;2007;
4612;2001;
4613;1992;
4614;1980;
4615;2020;
4616;2020;
4617;2014;
4618;1988;
4619;1995;
4620;1994;
4621;2020;
4622;2018;
4623;1993;
4624;1999;
4625;2011;
4626;2011;
4627;1940;
4628;2005;
4629;2006;
4630;2009;
4631;2013;
4632;2009;
4633;2004;
4634;2016;
4635;2007;
4636;2009;
4637;2011;
4638;2012;
4639;2013;
4640;2007;
4641;2019;
4642;2019;
4643;2016;
4644;2012;
4645;2007;
4646;2005;
4647;2011;
4648;2010;
4649;2016;
4650;2018;
4651;2009;
4652;2010;
4653;2007;
4654;1970;
4655;2015;
4656;2006;
4657;2006;
4658;1998;
4659;2012;
4660;1985;
4661;1990;
4662;2017;
4663;1987;
4664;2016;
4665;2020;
4666;1957;
4667;2002;
4668;2011;
4669;2007;
4670;1988;
4671;2015;
4672;2003;
4673;2007;
4674;2005;
4675;1994;
4676;1990;
4677;2008;
4678;2011;
4679;2018;
4680;2017;
4681;1983;
4682;2001;
4683;2006;
4684;2015;
4685;2012;
4686;2016;
4687;2007;
4688;2018;
4689;1977;
4690;1996;
4691;2012;
4692;2009;
4693;1987;
4694;2020;
4695;2018;
4696;2014;
4697;2013;
4698;2010;
4699;2016;
4700;2014;
4701;2020;
4702;2015;
4703;2018;
4704;2020;
4705;2021;
4706;2020;
4707;2012;
4708;2017;
4709;2014;
4710;2014;
4711;2014;
4712;2019;
4713;2017;
4714;2021;
4715;2020;
4716;2017;
4717;2019;
4718;2008;
4719;1989;
4720;1930;
4721;1978;
4722;2001;
4723;1983;
4724;1955;
4725;1964;
4726;2017;
4727;2009;
4728;2020;
4729;2017;
4730;2012;
4731;2021;
4732;2013;
4733;2017;
4734;2011;
4735;2019;
4736;2022;
4737;1983;
4738;2015;
4739;2021;
4740;1993;
4741;2007;
4742;2000;
4743;2018;
4744;2018;
4745;2004;
4746;2019;
4747;1989;
4748;2012;
4749;1995;
4750;2012;
4751;2000;
4752;2009;
4753;2015;
4754;1980;
4755;2015;
4756;2017;
4757;1980;
4758;2021;
4759;2011;
4760;2004;
4761;1983;
4762;2000;
4763;2002;
4764;2002;
4765;2000;
4766;2000;
4767;2000;
4768;1995;
4769;1998;
4770;2008;
4771;1964;
4772;2016;
4773;2001;
4774;2004;
4775;2013;
4776;2009;
4777;1998;
4778;1997;
4779;2020;
4780;2021;
4781;2010;
4782;1989;
4783;0;
4784;2021;
4785;2006;
4786;1977;
4787;2018;
4788;2006;
4789;2006;
4790;2006;
4791;2006;
4792;1935;
4793;1964;
4794;2018;
4795;2020;
4796;2016;
4797;2017;
4798;2018;
4799;2006;
4800;2020;
4801;2021;
4802;2015;
4803;2019;
4804;2019;
4805;2021;
4806;2016;
4807;2019;
4808;2017;
4809;2021;
4810;2006;
4811;2021;
4812;2015;
4813;2020;
4814;2017;
4815;2021;
4816;2019;
4817;2009;
4818;2009;
4819;2006;
4820;2000;
4821;2000;
4822;2016;
4823;2021;
4824;2001;
4825;1958;
4826;1983;
4827;2007;
4828;2006;
4829;1999;
4830;2001;
4831;2012;
4832;2021;
4833;2021;
4834;2020;
4835;1983;
4836;1983;
4837;2000;
4838;2014;
4839;1973;
4840;1998;
4841;1997;
4842;1996;
4843;2016;
4844;2012;
4845;2012;
4846;2021;
4847;2001;
4848;2012;
4849;1966;
4850;2014;
4851;2000;
4852;2002;
4853;2015;
4854;2015;
4855;2000;
4856;2010;
4857;1985;
4858;2010;
4859;2015;
4860;2017;
4861;2021;
4862;2021;
4863;1984;
4864;2015;
4865;2004;
4866;2014;
4867;2020;
4868;2008;
4869;2009;
4870;2011;
4871;2011;
4872;2005;
4873;2015;
4874;2019;
4875;1998;
4876;2017;
4877;1980;
4878;1976;
4879;2015;
4880;2013;
4881;2017;
4882;2021;
4883;2018;
4884;2015;
4885;2014;
4886;2010;
4887;2022;
4888;2017;
4889;2013;
4890;2010;
4891;2011;
4892;1976;
4893;2012;
4894;2015;
4895;2017;
4896;1988;
4897;1947;
4898;2008;
4899;2006;
4900;1983;
4901;2019;
4902;2014;
4903;2018;
4904;1999;
4905;2019;
4906;2019;
4907;2017;
4908;2022;
4909;1985;
4910;2022;
4911;2000;
4912;2007;
4913;2019;
4914;2004;
4915;1966;
4916;2009;
4917;2015;
4918;1979;
4919;2016;
4920;1990;
4921;1993;
4922;2005;
4923;2005;
4924;2012;
4925;2002;
4926;2000;
4927;2018;
4928;1965;
4929;1990;
4930;2012;
4931;2013;
4932;1966;
4933;1994;
4934;2001;
4935;2012;
4936;2016;
4937;1998;
4938;2014;
4939;2005;
4940;2005;
4941;1964;
4942;1967;
4943;2017;
4944;2007;
4945;2012;
4946;2006;
4947;2010;
4948;2021;
4949;2013;
4950;2016;
4951;2019;
4952;2016;
4953;2019;
4954;2004;
4955;2003;
4956;2009;
4957;2017;
4958;2018;
4959;2000;
4960;2016;
4961;1997;
4962;1991;
4963;2013;
4964;1986;
4965;1989;
4966;1985;
4967;2020;
4968;2021;
4969;1985;
4970;2011;
4971;2009;
4972;1993;
4973;2016;
4974;1999;
4975;2013;
4976;1985;
4977;1991;
4978;1989;
4979;1989;
4980;2001;
4981;2001;
4982;1989;
4983;1936;
4984;2015;
4985;1995;
4986;2014;
4987;2022;
4988;2017;
4989;2011;
4990;2016;
4991;2020;
4992;1979;
4993;1990;
4994;2019;
4995;1986;
4996;2012;
4997;1996;
4998;2019;
4999;2019;
5000;2019;
5001;2003;
5002;2016;
5003;2017;
5004;2001;
5005;2010;
5006;1992;
5007;1994;
5008;2019;
5009;2021;
5010;2011;
5011;2003;
5012;1994;
5013;2003;
5014;1992;
5015;2019;
5016;1997;
5017;2006;
5018;1993;
5019;2011;
5020;2015;
5021;2012;
5022;2018;
5023;2015;
5024;2014;
5025;2022;
5026;2020;
5027;2010;
5028;2010;
5029;2013;
5030;2012;
5031;2003;
5032;2013;
5033;2014;
5034;2022;
5035;2010;
5036;2012;
5037;2021;
5038;2017;
5039;2018;
5040;2020;
5041;2010;
5042;2002;
5043;2002;
5044;2015;
5045;2018;
5046;2006;
5047;2003;
5048;2003;
5050;2003;
5051;2018;
5052;2010;
5053;2018;
5054;2015;
5055;2012;
5056;2003;
5057;2020;
5058;2009;
5059;1994;
5060;2021;
5061;2010;
5062;2020;
5063;2006;
5064;1996;
5065;1960;
5066;2021;
5067;2013;
5068;2019;
5069;2008;
5070;2014;
5071;1997;
5072;2019;
5073;2020;
5074;1951;
5075;1983;
5076;1993;
5077;2006;
5078;2003;
5079;1884;
5080;1995;
5081;2009;
5082;2017;
5083;2020;
5084;2012;
5085;2002;
5086;1993;
5087;2011;
5088;2014;
5089;2014;
5090;2013;
5091;2014;
5092;2014;
5093;2019;
5094;2011;
5095;2016;
5096;1908;
5097;1998;
5098;2014;
5099;2012;
5100;2012;
5101;2020;
5102;2014;
5103;2017;
5104;2006;
5105;2021;
5106;2014;
5107;2020;
5108;1993;
5109;1975;
5110;2009;
5111;2015;
5112;2017;
5113;2020;
5114;1976;
5115;1981;
5116;1983;
5117;1954;
5118;1955;
5119;1959;
5120;1960;
5121;2020;
5122;2019;
5123;1995;
5124;1956;
5125;1931;
5126;2017;
5127;2009;
5128;1931;
5129;2010;
5130;2011;
5131;1884;
5132;2006;
5133;1931;
5134;2021;
5135;2020;
5136;2012;
5137;1974;
5138;2021;
5139;2016;
5140;2014;
5141;2016;
5142;2017;
5143;2002;
5144;1991;
5145;1989;
5146;2009;
5147;2015;
5148;2006;
5149;2021;
5150;2010;
5151;2021;
5152;2007;
5153;2014;
5154;1994;
5155;2005;
